{
  "0": [
    {
      "epoch": 19,
      "fc1_frobenius": 10.21059513092041,
      "fc2_frobenius": 2.8469908237457275,
      "fc1_spectral": 3.8071699142456055,
      "fc2_spectral": 1.4049733877182007,
      "grad_norm_mean": 0.9668550895371023,
      "grad_norm_std": 0.04875458080736895
    }
  ],
  "1": [
    {
      "epoch": 19,
      "fc1_frobenius": 10.674342155456543,
      "fc2_frobenius": 2.6974501609802246,
      "fc1_spectral": 3.719200372695923,
      "fc2_spectral": 1.3503700494766235,
      "grad_norm_mean": 0.9496247956164113,
      "grad_norm_std": 0.06262657390405652
    }
  ],
  "2": [
    {
      "epoch": 19,
      "fc1_frobenius": 10.466656684875488,
      "fc2_frobenius": 2.694003105163574,
      "fc1_spectral": 3.7838690280914307,
      "fc2_spectral": 1.3486725091934204,
      "grad_norm_mean": 0.9588676052695867,
      "grad_norm_std": 0.052049048581899036
    }
  ],
  "3": [
    {
      "epoch": 19,
      "fc1_frobenius": 10.393624305725098,
      "fc2_frobenius": 2.896674871444702,
      "fc1_spectral": 3.6250271797180176,
      "fc2_spectral": 1.5126171112060547,
      "grad_norm_mean": 1.0882976796606805,
      "grad_norm_std": 0.06874416980006941
    }
  ],
  "4": [
    {
      "epoch": 19,
      "fc1_frobenius": 10.352532386779785,
      "fc2_frobenius": 2.8682451248168945,
      "fc1_spectral": 3.7720561027526855,
      "fc2_spectral": 1.5867968797683716,
      "grad_norm_mean": 0.9970476775441375,
      "grad_norm_std": 0.04275816645221882
    }
  ],
  "5": [
    {
      "epoch": 19,
      "fc1_frobenius": 10.301841735839844,
      "fc2_frobenius": 2.617946147918701,
      "fc1_spectral": 3.3159852027893066,
      "fc2_spectral": 1.1795202493667603,
      "grad_norm_mean": 0.9931707156799104,
      "grad_norm_std": 0.04185662441717535
    }
  ],
  "6": [
    {
      "epoch": 19,
      "fc1_frobenius": 10.054997444152832,
      "fc2_frobenius": 2.981684923171997,
      "fc1_spectral": 3.765132188796997,
      "fc2_spectral": 1.4751960039138794,
      "grad_norm_mean": 0.9532134328899111,
      "grad_norm_std": 0.04550144960799327
    }
  ],
  "7": [
    {
      "epoch": 19,
      "fc1_frobenius": 10.507222175598145,
      "fc2_frobenius": 2.79250431060791,
      "fc1_spectral": 3.862314462661743,
      "fc2_spectral": 1.32180655002594,
      "grad_norm_mean": 0.9710454928504557,
      "grad_norm_std": 0.0512835058166178
    }
  ],
  "8": [
    {
      "epoch": 19,
      "fc1_frobenius": 10.314773559570312,
      "fc2_frobenius": 2.6344656944274902,
      "fc1_spectral": 3.477742910385132,
      "fc2_spectral": 1.2707922458648682,
      "grad_norm_mean": 1.0121741441646146,
      "grad_norm_std": 0.0535794977709229
    }
  ],
  "9": [
    {
      "epoch": 19,
      "fc1_frobenius": 10.0284423828125,
      "fc2_frobenius": 2.839310646057129,
      "fc1_spectral": 3.4422364234924316,
      "fc2_spectral": 1.4182236194610596,
      "grad_norm_mean": 1.1558884114277368,
      "grad_norm_std": 0.09486030456932941
    }
  ]
}