{
  "6": [],
  "7": [
    {
      "epoch": 19,
      "fc1_frobenius": 10.507222175598145,
      "fc2_frobenius": 2.79250431060791,
      "fc1_spectral": 10.507222175598145,
      "fc2_spectral": 2.79250431060791,
      "grad_norm_mean": 0.9710454928504557,
      "grad_norm_std": 0.0512835058166178,
      "train_loss": 1.0126088287022068,
      "train_acc": 77.49,
      "test_loss": 0.3992722098585926,
      "test_acc": 94.01
    }
  ],
  "8": [
    {
      "epoch": 19,
      "fc1_frobenius": 10.314773559570312,
      "fc2_frobenius": 2.6344656944274902,
      "fc1_spectral": 10.314773559570312,
      "fc2_spectral": 2.6344656944274902,
      "grad_norm_mean": 1.0121741441646146,
      "grad_norm_std": 0.0535794977709229,
      "train_loss": 1.007613469542725,
      "train_acc": 77.70333333333333,
      "test_loss": 0.40605540743357016,
      "test_acc": 94.11
    }
  ],
  "9": [
    {
      "epoch": 19,
      "fc1_frobenius": 10.0284423828125,
      "fc2_frobenius": 2.839310646057129,
      "fc1_spectral": 10.0284423828125,
      "fc2_spectral": 2.839310646057129,
      "grad_norm_mean": 1.1558884114277368,
      "grad_norm_std": 0.09486030456932941,
      "train_loss": 1.0246217119922516,
      "train_acc": 77.35166666666667,
      "test_loss": 0.42443097656286216,
      "test_acc": 93.32
    }
  ]
}