{
  "0": [
    {
      "epoch": 19,
      "fc1_frobenius": 12.577325820922852,
      "fc2_frobenius": 4.530135154724121,
      "fc1_spectral": 12.577325820922852,
      "fc2_spectral": 4.530135154724121,
      "grad_norm_mean": 0.9367607996123212,
      "grad_norm_std": 0.15630054595282575,
      "train_loss": 0.1345045187595938,
      "train_acc": 96.06333333333333,
      "test_loss": 0.1782256352385105,
      "test_acc": 94.94
    }
  ],
  "1": [
    {
      "epoch": 19,
      "fc1_frobenius": 12.709440231323242,
      "fc2_frobenius": 4.7641777992248535,
      "fc1_spectral": 12.709440231323242,
      "fc2_spectral": 4.7641777992248535,
      "grad_norm_mean": 0.9041506267717283,
      "grad_norm_std": 0.2719932448663805,
      "train_loss": 0.12545574703482168,
      "train_acc": 96.355,
      "test_loss": 0.1606051604074862,
      "test_acc": 95.29
    }
  ],
  "2": [
    {
      "epoch": 19,
      "fc1_frobenius": 12.592082023620605,
      "fc2_frobenius": 5.1884355545043945,
      "fc1_spectral": 12.592082023620605,
      "fc2_spectral": 5.1884355545043945,
      "grad_norm_mean": 0.9239253688658378,
      "grad_norm_std": 0.22197977555048393,
      "train_loss": 0.11585195951147882,
      "train_acc": 96.5,
      "test_loss": 0.16688417853740387,
      "test_acc": 95.23
    }
  ],
  "3": [
    {
      "epoch": 19,
      "fc1_frobenius": 12.565359115600586,
      "fc2_frobenius": 5.0197930335998535,
      "fc1_spectral": 12.565359115600586,
      "fc2_spectral": 5.0197930335998535,
      "grad_norm_mean": 0.8635639274365106,
      "grad_norm_std": 0.24095643358135227,
      "train_loss": 0.1270622266238051,
      "train_acc": 96.21166666666667,
      "test_loss": 0.16549259938205343,
      "test_acc": 95.56
    }
  ],
  "4": [
    {
      "epoch": 19,
      "fc1_frobenius": 12.275866508483887,
      "fc2_frobenius": 5.137699127197266,
      "fc1_spectral": 12.275866508483887,
      "fc2_spectral": 5.137699127197266,
      "grad_norm_mean": 0.9396120208455795,
      "grad_norm_std": 0.15103646420122058,
      "train_loss": 0.12156861124913702,
      "train_acc": 96.35,
      "test_loss": 0.14665100619762758,
      "test_acc": 95.6
    }
  ],
  "5": [
    {
      "epoch": 19,
      "fc1_frobenius": 12.434666633605957,
      "fc2_frobenius": 5.319555282592773,
      "fc1_spectral": 12.434666633605957,
      "fc2_spectral": 5.319555282592773,
      "grad_norm_mean": 1.0283499955690683,
      "grad_norm_std": 0.32107143336559646,
      "train_loss": 0.12452015354593934,
      "train_acc": 96.19,
      "test_loss": 0.16997926736167998,
      "test_acc": 95.13
    }
  ],
  "6": [
    {
      "epoch": 19,
      "fc1_frobenius": 12.929802894592285,
      "fc2_frobenius": 5.1422882080078125,
      "fc1_spectral": 12.929802894592285,
      "fc2_spectral": 5.1422882080078125,
      "grad_norm_mean": 0.8322710858501505,
      "grad_norm_std": 0.18737015928655168,
      "train_loss": 0.11041652046239325,
      "train_acc": 96.695,
      "test_loss": 0.1558668701467399,
      "test_acc": 95.24
    }
  ],
  "7": [
    {
      "epoch": 19,
      "fc1_frobenius": 12.720844268798828,
      "fc2_frobenius": 4.955549716949463,
      "fc1_spectral": 12.720844268798828,
      "fc2_spectral": 4.955549716949463,
      "grad_norm_mean": 0.973276732165391,
      "grad_norm_std": 0.2735996796092952,
      "train_loss": 0.12131097901668121,
      "train_acc": 96.43166666666667,
      "test_loss": 0.17473587802245835,
      "test_acc": 95.27
    }
  ],
  "8": [
    {
      "epoch": 19,
      "fc1_frobenius": 12.745492935180664,
      "fc2_frobenius": 4.944580554962158,
      "fc1_spectral": 12.745492935180664,
      "fc2_spectral": 4.944580554962158,
      "grad_norm_mean": 0.998314386962998,
      "grad_norm_std": 0.19732311358211074,
      "train_loss": 0.11946301555423848,
      "train_acc": 96.39833333333333,
      "test_loss": 0.16847558127409673,
      "test_acc": 95.3
    }
  ],
  "9": [
    {
      "epoch": 19,
      "fc1_frobenius": 12.061307907104492,
      "fc2_frobenius": 4.952206611633301,
      "fc1_spectral": 12.061307907104492,
      "fc2_spectral": 4.952206611633301,
      "grad_norm_mean": 0.9528140402054488,
      "grad_norm_std": 0.10487598890304488,
      "train_loss": 0.12618945453212713,
      "train_acc": 96.31,
      "test_loss": 0.16059756498559838,
      "test_acc": 95.54
    }
  ]
}