{
  "0": [
    {
      "epoch": 19,
      "fc1_frobenius": 12.577325820922852,
      "fc2_frobenius": 4.530135154724121,
      "fc1_spectral": 4.596030235290527,
      "fc2_spectral": 2.1845412254333496,
      "grad_norm_mean": 0.9367607996123212,
      "grad_norm_std": 0.15630054595282575
    }
  ],
  "1": [
    {
      "epoch": 19,
      "fc1_frobenius": 12.709440231323242,
      "fc2_frobenius": 4.7641777992248535,
      "fc1_spectral": 4.42399787902832,
      "fc2_spectral": 2.636147975921631,
      "grad_norm_mean": 0.9041506267717283,
      "grad_norm_std": 0.2719932448663805
    }
  ],
  "2": [
    {
      "epoch": 19,
      "fc1_frobenius": 12.592082023620605,
      "fc2_frobenius": 5.1884355545043945,
      "fc1_spectral": 4.351008415222168,
      "fc2_spectral": 2.8355841636657715,
      "grad_norm_mean": 0.9239253688658378,
      "grad_norm_std": 0.22197977555048393
    }
  ],
  "3": [
    {
      "epoch": 19,
      "fc1_frobenius": 12.565359115600586,
      "fc2_frobenius": 5.0197930335998535,
      "fc1_spectral": 4.473167419433594,
      "fc2_spectral": 2.4765517711639404,
      "grad_norm_mean": 0.8635639274365106,
      "grad_norm_std": 0.24095643358135227
    }
  ],
  "4": [
    {
      "epoch": 19,
      "fc1_frobenius": 12.275866508483887,
      "fc2_frobenius": 5.137699127197266,
      "fc1_spectral": 4.139942169189453,
      "fc2_spectral": 2.657787561416626,
      "grad_norm_mean": 0.9396120208455795,
      "grad_norm_std": 0.15103646420122058
    }
  ],
  "5": [
    {
      "epoch": 19,
      "fc1_frobenius": 12.434666633605957,
      "fc2_frobenius": 5.319555282592773,
      "fc1_spectral": 4.271569728851318,
      "fc2_spectral": 3.008636713027954,
      "grad_norm_mean": 1.0283499955690683,
      "grad_norm_std": 0.32107143336559646
    }
  ],
  "6": [
    {
      "epoch": 19,
      "fc1_frobenius": 12.929802894592285,
      "fc2_frobenius": 5.1422882080078125,
      "fc1_spectral": 4.426478385925293,
      "fc2_spectral": 2.488022565841675,
      "grad_norm_mean": 0.8322710858501505,
      "grad_norm_std": 0.18737015928655168
    }
  ],
  "7": [
    {
      "epoch": 19,
      "fc1_frobenius": 12.720844268798828,
      "fc2_frobenius": 4.955549716949463,
      "fc1_spectral": 4.672547817230225,
      "fc2_spectral": 2.4176645278930664,
      "grad_norm_mean": 0.973276732165391,
      "grad_norm_std": 0.2735996796092952
    }
  ],
  "8": [
    {
      "epoch": 19,
      "fc1_frobenius": 12.745492935180664,
      "fc2_frobenius": 4.944580554962158,
      "fc1_spectral": 4.2076311111450195,
      "fc2_spectral": 2.463178873062134,
      "grad_norm_mean": 0.998314386962998,
      "grad_norm_std": 0.19732311358211074
    }
  ],
  "9": [
    {
      "epoch": 19,
      "fc1_frobenius": 12.061307907104492,
      "fc2_frobenius": 4.952206611633301,
      "fc1_spectral": 4.166034698486328,
      "fc2_spectral": 2.640894889831543,
      "grad_norm_mean": 0.9528140402054488,
      "grad_norm_std": 0.10487598890304488
    }
  ]
}