{
  "0": {
    "singular_values": [
      2.1845414638519287,
      2.0457279682159424,
      1.9116737842559814,
      1.5038572549819946,
      1.3378961086273193,
      1.0944714546203613,
      1.0446560382843018,
      0.8616288304328918,
      0.7801686525344849,
      0.46755871176719666
    ],
    "ranks": [
      1,
      2,
      3,
      4,
      5,
      6,
      7,
      8,
      9,
      10
    ],
    "train_loss": [
      2.5924442719294825,
      2.2815497046086324,
      2.5474738985744874,
      1.7808831815780608,
      1.0182262008378247,
      0.9416498588219381,
      0.8420899780447295,
      0.2476218508631944,
      0.14305293038566866,
      0.12477979191672256
    ],
    "train_acc": [
      18.17,
      34.68333333333333,
      46.99666666666667,
      56.906666666666666,
      72.49833333333333,
      80.37166666666667,
      82.4,
      92.29166666666667,
      95.82166666666667,
      96.44666666666667
    ],
    "test_loss": [
      2.6024004386950144,
      2.259306498720676,
      2.570940099185026,
      1.7761961508400832,
      1.0115648692921748,
      0.9811612771281714,
      0.8789965759349775,
      0.28561547158073775,
      0.1970113804681769,
      0.17822564785852085
    ],
    "test_acc": [
      18.13,
      35.21,
      47.27,
      56.91,
      72.45,
      79.81,
      81.74,
      91.53,
      94.29,
      94.94
    ],
    "svd_spectrum": [
      2.1845414638519287,
      2.0457279682159424,
      1.9116737842559814,
      1.5038572549819946,
      1.3378961086273193,
      1.0944714546203613,
      1.0446560382843018,
      0.8616288304328918,
      0.7801686525344849,
      0.46755871176719666
    ]
  },
  "1": {
    "singular_values": [
      2.636148691177368,
      2.1077985763549805,
      1.8164362907409668,
      1.6801289319992065,
      1.474485158920288,
      0.9822574257850647,
      0.9439991116523743,
      0.8301997780799866,
      0.6009107828140259,
      0.32035666704177856
    ],
    "ranks": [
      1,
      2,
      3,
      4,
      5,
      6,
      7,
      8,
      9,
      10
    ],
    "train_loss": [
      2.6067264064796953,
      2.381612969105686,
      2.3722842916496782,
      1.8939833562257193,
      1.2459704999222176,
      0.4568726687288996,
      0.24240823502320724,
      0.18102872952310514,
      0.13631507393909986,
      0.11298832904968435
    ],
    "train_acc": [
      18.208333333333332,
      30.041666666666668,
      36.571666666666665,
      58.696666666666665,
      73.65833333333333,
      85.005,
      91.97666666666667,
      94.25833333333334,
      95.67333333333333,
      96.665
    ],
    "test_loss": [
      2.6243895548808425,
      2.4005942887897733,
      2.420189264454419,
      1.9099003649965118,
      1.2556652404084991,
      0.47949341901495485,
      0.28154580941117263,
      0.22067919253265555,
      0.176287399003683,
      0.16060514771674253
    ],
    "test_acc": [
      17.95,
      30.56,
      36.88,
      59.37,
      73.24,
      85.1,
      91.42,
      93.57,
      94.59,
      95.29
    ],
    "svd_spectrum": [
      2.636148691177368,
      2.1077985763549805,
      1.8164362907409668,
      1.6801289319992065,
      1.474485158920288,
      0.9822574257850647,
      0.9439991116523743,
      0.8301997780799866,
      0.6009107828140259,
      0.32035666704177856
    ]
  },
  "2": {
    "singular_values": [
      2.8355839252471924,
      2.107653856277466,
      1.897660732269287,
      1.697229027748108,
      1.6273208856582642,
      1.2880827188491821,
      1.1883829832077026,
      0.9714794754981995,
      0.8582451343536377,
      0.7453040480613708
    ],
    "ranks": [
      1,
      2,
      3,
      4,
      5,
      6,
      7,
      8,
      9,
      10
    ],
    "train_loss": [
      3.0041382536450936,
      3.082335090840549,
      2.917051694540581,
      2.312414738923502,
      2.921155643361464,
      2.2926636741105426,
      1.9144587434176952,
      0.6010768642938976,
      0.44221907167800706,
      0.10626713355490838
    ],
    "train_acc": [
      16.08,
      26.84,
      34.285,
      48.163333333333334,
      52.571666666666665,
      48.95333333333333,
      46.355,
      82.04666666666667,
      86.86833333333334,
      96.875
    ],
    "test_loss": [
      3.0240292669851567,
      3.1609176382233826,
      2.9083207740059382,
      2.3280390742458876,
      2.9158358423015738,
      2.3478331309330613,
      1.9794361787506296,
      0.6566033076636398,
      0.5013716132203235,
      0.16688416540752388
    ],
    "test_acc": [
      16.92,
      27.12,
      35.09,
      48.37,
      53.06,
      48.88,
      45.94,
      81.38,
      86.42,
      95.23
    ],
    "svd_spectrum": [
      2.8355839252471924,
      2.107653856277466,
      1.897660732269287,
      1.697229027748108,
      1.6273208856582642,
      1.2880827188491821,
      1.1883829832077026,
      0.9714794754981995,
      0.8582451343536377,
      0.7453040480613708
    ]
  }
}