{
  "42": {
    "ranks": [
      1,
      2,
      3,
      4,
      5,
      6,
      7,
      8,
      9,
      10
    ],
    "per_class_acc": {
      "1": {
        "0": 0.15306122601032257,
        "1": 0.9964757561683655,
        "2": 0.8827519416809082,
        "3": 0.8504950404167175,
        "4": 0.9755600690841675,
        "5": 0.9035874605178833,
        "6": 0.8914405107498169,
        "7": 0.9552529454231262,
        "8": 0.2792607843875885,
        "9": 0.8840436339378357
      },
      "2": {
        "0": 0.15306122601032257,
        "1": 0.9964757561683655,
        "2": 0.8827519416809082,
        "3": 0.8504950404167175,
        "4": 0.9755600690841675,
        "5": 0.9035874605178833,
        "6": 0.8914405107498169,
        "7": 0.9552529454231262,
        "8": 0.2792607843875885,
        "9": 0.8840436339378357
      },
      "3": {
        "0": 0.15306122601032257,
        "1": 0.9964757561683655,
        "2": 0.8827519416809082,
        "3": 0.8504950404167175,
        "4": 0.9755600690841675,
        "5": 0.9035874605178833,
        "6": 0.8914405107498169,
        "7": 0.9552529454231262,
        "8": 0.2792607843875885,
        "9": 0.8840436339378357
      },
      "4": {
        "0": 0.15306122601032257,
        "1": 0.9964757561683655,
        "2": 0.8827519416809082,
        "3": 0.8504950404167175,
        "4": 0.9755600690841675,
        "5": 0.9035874605178833,
        "6": 0.8914405107498169,
        "7": 0.9552529454231262,
        "8": 0.2792607843875885,
        "9": 0.8840436339378357
      },
      "5": {
        "0": 0.15306122601032257,
        "1": 0.9964757561683655,
        "2": 0.8827519416809082,
        "3": 0.8504950404167175,
        "4": 0.9755600690841675,
        "5": 0.9035874605178833,
        "6": 0.8914405107498169,
        "7": 0.9552529454231262,
        "8": 0.2792607843875885,
        "9": 0.8840436339378357
      },
      "6": {
        "0": 0.15306122601032257,
        "1": 0.9964757561683655,
        "2": 0.8827519416809082,
        "3": 0.8504950404167175,
        "4": 0.9755600690841675,
        "5": 0.9035874605178833,
        "6": 0.8914405107498169,
        "7": 0.9552529454231262,
        "8": 0.2792607843875885,
        "9": 0.8840436339378357
      },
      "7": {
        "0": 0.15306122601032257,
        "1": 0.9964757561683655,
        "2": 0.8827519416809082,
        "3": 0.8504950404167175,
        "4": 0.9755600690841675,
        "5": 0.9035874605178833,
        "6": 0.8914405107498169,
        "7": 0.9552529454231262,
        "8": 0.2792607843875885,
        "9": 0.8840436339378357
      },
      "8": {
        "0": 0.15306122601032257,
        "1": 0.9964757561683655,
        "2": 0.8827519416809082,
        "3": 0.8504950404167175,
        "4": 0.9755600690841675,
        "5": 0.9035874605178833,
        "6": 0.8914405107498169,
        "7": 0.9552529454231262,
        "8": 0.2792607843875885,
        "9": 0.8840436339378357
      },
      "9": {
        "0": 0.15306122601032257,
        "1": 0.9964757561683655,
        "2": 0.8827519416809082,
        "3": 0.8504950404167175,
        "4": 0.9755600690841675,
        "5": 0.9035874605178833,
        "6": 0.8914405107498169,
        "7": 0.9552529454231262,
        "8": 0.2792607843875885,
        "9": 0.8840436339378357
      },
      "10": {
        "0": 0.15306122601032257,
        "1": 0.9964757561683655,
        "2": 0.8827519416809082,
        "3": 0.8504950404167175,
        "4": 0.9755600690841675,
        "5": 0.9035874605178833,
        "6": 0.8914405107498169,
        "7": 0.9552529454231262,
        "8": 0.2792607843875885,
        "9": 0.8840436339378357
      }
    },
    "singular_values": [
      0.9166398644447327,
      3.2933886728869766e-08,
      1.8760909270554293e-08,
      8.157797992680571e-09,
      1.4007063287024835e-09,
      1.0359912927526693e-09,
      9.099343500906798e-10,
      6.120227658001909e-10,
      1.8270816803944712e-10,
      1.5199733138793192e-10
    ]
  },
  "123": {
    "ranks": [
      1,
      2,
      3,
      4,
      5,
      6,
      7,
      8,
      9,
      10
    ],
    "per_class_acc": {
      "1": {
        "0": 0.07857143133878708,
        "1": 0.9964757561683655,
        "2": 0.895348846912384,
        "3": 0.9841583967208862,
        "4": 0.9837067127227783,
        "5": 0.8408071994781494,
        "6": 0.942588746547699,
        "7": 0.9455252885818481,
        "8": 0.03182751685380936,
        "9": 0.79682856798172
      },
      "2": {
        "0": 0.07857143133878708,
        "1": 0.9964757561683655,
        "2": 0.895348846912384,
        "3": 0.9841583967208862,
        "4": 0.9837067127227783,
        "5": 0.8408071994781494,
        "6": 0.942588746547699,
        "7": 0.9455252885818481,
        "8": 0.03182751685380936,
        "9": 0.79682856798172
      },
      "3": {
        "0": 0.07857143133878708,
        "1": 0.9964757561683655,
        "2": 0.895348846912384,
        "3": 0.9841583967208862,
        "4": 0.9837067127227783,
        "5": 0.8408071994781494,
        "6": 0.942588746547699,
        "7": 0.9455252885818481,
        "8": 0.03182751685380936,
        "9": 0.79682856798172
      },
      "4": {
        "0": 0.07857143133878708,
        "1": 0.9964757561683655,
        "2": 0.895348846912384,
        "3": 0.9841583967208862,
        "4": 0.9837067127227783,
        "5": 0.8408071994781494,
        "6": 0.942588746547699,
        "7": 0.9455252885818481,
        "8": 0.03182751685380936,
        "9": 0.79682856798172
      },
      "5": {
        "0": 0.07857143133878708,
        "1": 0.9964757561683655,
        "2": 0.895348846912384,
        "3": 0.9841583967208862,
        "4": 0.9837067127227783,
        "5": 0.8408071994781494,
        "6": 0.942588746547699,
        "7": 0.9455252885818481,
        "8": 0.03182751685380936,
        "9": 0.79682856798172
      },
      "6": {
        "0": 0.07857143133878708,
        "1": 0.9964757561683655,
        "2": 0.895348846912384,
        "3": 0.9841583967208862,
        "4": 0.9837067127227783,
        "5": 0.8408071994781494,
        "6": 0.942588746547699,
        "7": 0.9455252885818481,
        "8": 0.03182751685380936,
        "9": 0.79682856798172
      },
      "7": {
        "0": 0.07857143133878708,
        "1": 0.9964757561683655,
        "2": 0.895348846912384,
        "3": 0.9841583967208862,
        "4": 0.9837067127227783,
        "5": 0.8408071994781494,
        "6": 0.942588746547699,
        "7": 0.9455252885818481,
        "8": 0.03182751685380936,
        "9": 0.79682856798172
      },
      "8": {
        "0": 0.07857143133878708,
        "1": 0.9964757561683655,
        "2": 0.895348846912384,
        "3": 0.9841583967208862,
        "4": 0.9837067127227783,
        "5": 0.8408071994781494,
        "6": 0.942588746547699,
        "7": 0.9455252885818481,
        "8": 0.03182751685380936,
        "9": 0.79682856798172
      },
      "9": {
        "0": 0.07857143133878708,
        "1": 0.9964757561683655,
        "2": 0.895348846912384,
        "3": 0.9841583967208862,
        "4": 0.9837067127227783,
        "5": 0.8408071994781494,
        "6": 0.942588746547699,
        "7": 0.9455252885818481,
        "8": 0.03182751685380936,
        "9": 0.79682856798172
      },
      "10": {
        "0": 0.07857143133878708,
        "1": 0.9964757561683655,
        "2": 0.895348846912384,
        "3": 0.9841583967208862,
        "4": 0.9837067127227783,
        "5": 0.8408071994781494,
        "6": 0.942588746547699,
        "7": 0.9455252885818481,
        "8": 0.03182751685380936,
        "9": 0.79682856798172
      }
    },
    "singular_values": [
      1.0637000799179077,
      8.032149168002434e-08,
      1.8007568769462523e-08,
      8.827041320103035e-09,
      7.67433938619888e-09,
      2.146385291723618e-09,
      1.5983073753389476e-09,
      1.220391232514828e-09,
      7.230346876774263e-10,
      5.634639976825895e-10
    ]
  },