{
  "clean": {
    "42": {
      "cka": {
        "input_fc1_pre": 0.7571622729301453,
        "fc1_pre_fc1_post": 0.8075950741767883,
        "fc1_post_fc2_pre": 0.741020917892456,
        "fc2_pre_fc2_post": 0.19893014430999756,
        "fc2_post_output": 0.5528194308280945
      },
      "weight_norms": {
        "fc1_frobenius": 100.57738494873047,
        "fc2_frobenius": 32.03082275390625,
        "fc3_frobenius": 4.561334609985352,
        "fc1_spectral": 18.347265243530273,
        "fc2_spectral": 8.94424057006836,
        "fc3_spectral": 1.701252818107605
      },
      "activation_stats": {
        "input": {
          "mean": 0.025069374591112137,
          "std": 0.9999545216560364,
          "sparsity": 0.0
        },
        "fc1_pre_activation": {
          "mean": -3.2898004055023193,
          "std": 15.439773559570312,
          "sparsity": 0.0
        },
        "fc1_post_activation": {
          "mean": 4.439092636108398,
          "std": 7.941180229187012,
          "sparsity": 0.5876562595367432
        },
        "fc2_pre_activation": {
          "mean": -50.47758102416992,
          "std": 43.55971145629883,
          "sparsity": 0.0
        },
        "fc2_post_activation": {
          "mean": 0.7907556891441345,
          "std": 4.12558650970459,
          "sparsity": 0.9333406090736389
        },
        "output": {
          "mean": -1.5593947172164917,
          "std": 6.8076605796813965,
          "sparsity": 0.0
        }
      }
    },
    "123": {
      "cka": {
        "input_fc1_pre": 0.7505699992179871,
        "fc1_pre_fc1_post": 0.8172529935836792,
        "fc1_post_fc2_pre": 0.7318418025970459,
        "fc2_pre_fc2_post": 0.14459846913814545,
        "fc2_post_output": 0.5326052308082581
      },
      "weight_norms": {
        "fc1_frobenius": 101.13098907470703,
        "fc2_frobenius": 32.10666275024414,
        "fc3_frobenius": 4.702794551849365,
        "fc1_spectral": 18.216209411621094,
        "fc2_spectral": 9.039608001708984,
        "fc3_spectral": 1.7234175205230713
      },
      "activation_stats": {
        "input": {
          "mean": 0.025069374591112137,
          "std": 0.9999545216560364,
          "sparsity": 0.0
        },
        "fc1_pre_activation": {
          "mean": -3.1707441806793213,
          "std": 15.30298137664795,
          "sparsity": 0.0
        },
        "fc1_post_activation": {
          "mean": 4.439620494842529,
          "std": 7.959895133972168,
          "sparsity": 0.5872800946235657
        },
        "fc2_pre_activation": {
          "mean": -51.010963439941406,
          "std": 44.019020080566406,
          "sparsity": 0.0
        },
        "fc2_post_activation": {
          "mean": 0.8191045522689819,
          "std": 4.296726226806641,
          "sparsity": 0.9342445135116577
        },
        "output": {
          "mean": -0.24408090114593506,
          "std": 6.929361343383789,
          "sparsity": 0.0
        }
      }
    },
    "456": {
      "cka": {
        "input_fc1_pre": 0.7905586957931519,
        "fc1_pre_fc1_post": 0.8309416770935059,
        "fc1_post_fc2_pre": 0.6912097334861755,
        "fc2_pre_fc2_post": 0.19496691226959229,
        "fc2_post_output": 0.6367745995521545
      },
      "weight_norms": {
        "fc1_frobenius": 101.5560073852539,
        "fc2_frobenius": 31.90384864807129,
        "fc3_frobenius": 4.6811747550964355,
        "fc1_spectral": 18.086727142333984,
        "fc2_spectral": 9.195740699768066,
        "fc3_spectral": 1.7772260904312134
      },
      "activation_stats": {
        "input": {
          "mean": 0.025069374591112137,
          "std": 0.9999545216560364,
          "sparsity": 0.0
        },
        "fc1_pre_activation": {
          "mean": -3.0586130619049072,
          "std": 15.421299934387207,
          "sparsity": 0.0
        },
        "fc1_post_activation": {
          "mean": 4.518957138061523,
          "std": 8.041827201843262,
          "sparsity": 0.583169162273407
        },
        "fc2_pre_activation": {
          "mean": -53.28190612792969,
          "std": 44.22174072265625,
          "sparsity": 0.0
        },
        "fc2_post_activation": {
          "mean": 0.7822554111480713,
          "std": 4.303813457489014,
          "sparsity": 0.939620316028595
        },
        "output": {
          "mean": 0.06458772718906403,
          "std": 6.746962547302246,
          "sparsity": 0.0
        }
      }
    },
    "789": {
      "cka": {
        "input_fc1_pre": 0.7720947265625,
        "fc1_pre_fc1_post": 0.8246994018554688,
        "fc1_post_fc2_pre": 0.7186461687088013,
        "fc2_pre_fc2_post": 0.19617949426174164,
        "fc2_post_output": 0.5714743733406067
      },
      "weight_norms": {
        "fc1_frobenius": 101.3333969116211,
        "fc2_frobenius": 31.55487823486328,
        "fc3_frobenius": 4.642274379730225,
        "fc1_spectral": 17.92767906188965,
        "fc2_spectral": 8.920165061950684,
        "fc3_spectral": 1.7316265106201172
      },
      "activation_stats": {
        "input": {
          "mean": 0.025069374591112137,
          "std": 0.9999545216560364,
          "sparsity": 0.0
        },
        "fc1_pre_activation": {
          "mean": -3.0887460708618164,
          "std": 15.484977722167969,
          "sparsity": 0.0
        },
        "fc1_post_activation": {
          "mean": 4.547018527984619,
          "std": 8.098400115966797,
          "sparsity": 0.5845187306404114
        },
        "fc2_pre_activation": {
          "mean": -51.92442321777344,
          "std": 43.813350677490234,
          "sparsity": 0.0
        },
        "fc2_post_activation": {
          "mean": 0.7901179790496826,
          "std": 4.285331726074219,
          "sparsity": 0.9382695555686951
        },
        "output": {
          "mean": -0.8377088308334351,
          "std": 6.909088134765625,
          "sparsity": 0.0
        }
      }
    },
    "1024": {
      "cka": {
        "input_fc1_pre": 0.7652164697647095,
        "fc1_pre_fc1_post": 0.8159728050231934,
        "fc1_post_fc2_pre": 0.7244519591331482,
        "fc2_pre_fc2_post": 0.14763641357421875,
        "fc2_post_output": 0.6068581342697144
      },
      "weight_norms": {
        "fc1_frobenius": 101.3125228881836,
        "fc2_frobenius": 31.544448852539062,
        "fc3_frobenius": 4.578124523162842,
        "fc1_spectral": 18.538320541381836,
        "fc2_spectral": 8.869845390319824,
        "fc3_spectral": 1.6860592365264893
      },
      "activation_stats": {
        "input": {
          "mean": 0.025069374591112137,
          "std": 0.9999545216560364,
          "sparsity": 0.0
        },
        "fc1_pre_activation": {
          "mean": -3.135267496109009,
          "std": 15.426650047302246,
          "sparsity": 0.0
        },
        "fc1_post_activation": {
          "mean": 4.491614818572998,
          "std": 8.033051490783691,
          "sparsity": 0.5854949355125427
        },
        "fc2_pre_activation": {
          "mean": -50.5330696105957,
          "std": 43.9824104309082,
          "sparsity": 0.0
        },
        "fc2_post_activation": {
          "mean": 0.8504812717437744,
          "std": 4.385819435119629,
          "sparsity": 0.931892991065979
        },
        "output": {
          "mean": 0.6376138925552368,
          "std": 6.985260009765625,
          "sparsity": 0.0
        }
      }
    }
  },
  "corrupted": {
    "42": {
      "cka": {
        "input_fc1_pre": 0.7758455872535706,
        "fc1_pre_fc1_post": 0.7984458208084106,
        "fc1_post_fc2_pre": 0.7524301409721375,
        "fc2_pre_fc2_post": 0.10121499001979828,
        "fc2_post_output": 0.5032868385314941
      },
      "weight_norms": {
        "fc1_frobenius": 103.91718292236328,
        "fc2_frobenius": 31.878036499023438,
        "fc3_frobenius": 4.971925735473633,
        "fc1_spectral": 18.16049575805664,
        "fc2_spectral": 9.82408332824707,
        "fc3_spectral": 1.8110679388046265
      },