{
  "16": {
    "sigma": [
      0.6663658208033688,
      0.7297228419868722,
      0.6642956261268208,
      0.6998570196752075,
      0.6705396949544701,
      0.7295386127970036,
      0.7031415119789072,
      0.6651815826696843,
      0.6867027764136439,
      0.7176324732087517
    ],
    "mono_fraction": [
      0.1875,
      0.25,
      0.25,
      0.3125,
      0.4375,
      0.1875,
      0.3125,
      0.375,
      0.25,
      0.125
    ],
    "avg_max_corr": [
      NaN,
      0.4300793978548588,
      0.4589958105708082,
      NaN,
      NaN,
      0.43743437650468003,
      0.4256519699154142,
      NaN,
      0.45110190960898594,
      NaN
    ],
    "circuit_size": [
      6.5,
      6.9,
      6.5,
      5.5,
      6.7,
      8.0,
      5.5,
      6.6,
      6.9,
      6.8
    ],
    "sparsity": [
      0.59375,
      0.56875,
      0.59375,
      0.65625,
      0.58125,
      0.5,
      0.65625,
      0.5875,
      0.56875,
      0.575
    ],
    "accuracy": [
      94.94,
      95.29,
      95.23,
      95.56,
      95.6,
      95.13,
      95.24,
      95.27,
      95.3,
      95.54
    ],
    "sigma_mean": 0.693297796061473,
    "sigma_ci": 0.03782513028425072,
    "mono_fraction_mean": 0.26875,
    "mono_fraction_ci": 0.13363172086238775,
    "avg_max_corr_mean": NaN,
    "avg_max_corr_ci": NaN,
    "circuit_size_mean": 6.589999999999999,
    "circuit_size_ci": 1.0260655476173302,
    "sparsity_mean": 0.588125,
    "sparsity_ci": 0.06412909672608325,
    "accuracy_mean": 95.30999999999999,
    "accuracy_ci": 0.2948335192884315
  },
  "32": {
    "sigma": [
      0.7445719009239729,
      0.7435910557183092,
      0.737147413957778,
      0.7394500940713455,
      0.7552449406161194,
      0.7533462345530288,
      0.7655887456298942,
      0.7523839197048686,
      0.7325922124168847,
      0.7480992396331754
    ],
    "mono_fraction": [
      0.1875,
      0.28125,
      0.25,
      0.1875,
      0.34375,
      0.1875,
      0.15625,
      0.21875,
      0.21875,
      0.1875
    ],
    "avg_max_corr": [
      0.4046821091928676,
      0.4270292835743602,
      0.4204352823955112,
      0.41017637808169566,
      0.4265075790458649,
      0.3905128487287338,
      0.3922975002942927,
      0.38921826600522336,
      NaN,
      0.40545473470674204
    ],
    "circuit_size": [
      8.6,
      8.3,
      6.8,
      7.4,
      8.3,
      8.7,
      8.0,
      9.4,
      8.3,
      9.5
    ],
    "sparsity": [
      0.73125,
      0.740625,
      0.7875,
      0.76875,
      0.740625,
      0.728125,
      0.75,
      0.70625,
      0.740625,
      0.703125
    ],
    "accuracy": [
      97.0,
      96.79,
      96.95,
      97.15,
      96.96,
      96.91,
      96.87,
      96.78,
      96.37,
      96.68
    ],
    "sigma_mean": 0.7472015757225376,
    "sigma_ci": 0.014008006138297002,
    "mono_fraction_mean": 0.221875,
    "mono_fraction_ci": 0.08011806618243644,
    "avg_max_corr_mean": NaN,
    "avg_max_corr_ci": NaN,
    "circuit_size_mean": 8.33,
    "circuit_size_ci": 1.1721573980654938,
    "sparsity_mean": 0.7396874999999999,
    "sparsity_ci": 0.03662991868954668,
    "accuracy_mean": 96.846,
    "accuracy_ci": 0.3039644940567712
  },
  "64": {
    "sigma": [
      0.7724331385340851,
      0.7767796888119767,
      0.7621446990833545,
      0.7727190941761383,
      0.767589942322925,
      0.7631005383400713,
      0.7673731272055728,
      0.7802559440815499,
      0.7680210441830985,
      0.7760352924667329
    ],
    "mono_fraction": [
      0.125,
      0.171875,
      0.21875,
      0.28125,
      0.21875,
      0.203125,
      0.265625,
      0.1875,
      0.203125,
      0.25
    ],
    "avg_max_corr": [
      0.3847764755367131,
      NaN,
      0.3980287839979695,
      NaN,
      0.4069210815438882,
      0.3944789078156666,
      NaN,
      0.3989774868462704,
      0.40537203718424497,
      NaN
    ],
    "circuit_size": [
      3.8,
      3.5,
      2.7,
      3.5,
      3.6,
      3.3,
      4.7,
      3.3,
      3.6,
      3.1
    ],
    "sparsity": [
      0.940625,
      0.9453125,
      0.9578125,
      0.9453125,
      0.94375,
      0.9484375,
      0.9265625,
      0.9484375,
      0.94375,
      0.9515625
    ],
    "accuracy": [
      97.31,
      97.47,
      97.59,
      97.47,
      97.79,
      97.48,
      97.63,
      97.56,
      97.42,
      97.26
    ],
    "sigma_mean": 0.7706452509205505,
    "sigma_ci": 0.008566471902258455,
    "mono_fraction_mean": 0.2125,
    "mono_fraction_ci": 0.06597958391494763,
    "avg_max_corr_mean": NaN,
    "avg_max_corr_ci": NaN,
    "circuit_size_mean": 3.5100000000000002,
    "circuit_size_ci": 0.7432677210482224,
    "sparsity_mean": 0.9451562499999999,
    "sparsity_ci": 0.011613558141378544,
    "accuracy_mean": 97.498,
    "accuracy_ci": 0.22111099646775756
  },
  "128": {
    "sigma": [
      0.7992916590545933,
      0.7950795468293815,
      0.7969932980319635,
      0.7945714192580793,
      0.7965406801918815,
      0.7772802857800086,
      0.7823049374038029,
      0.7842211098194285,
      0.7812001007935442,
      0.7910430737562407
    ],
    "mono_fraction": [
      0.1875,
      0.15625,
      0.1796875,
      0.1640625,
      0.1953125,
      0.234375,
      0.15625,
      0.2265625,
      0.203125,
      0.140625
    ],
    "avg_max_corr": [
      NaN,
      NaN,
      NaN,
      NaN,
      NaN,
      0.41294912283502194,
      NaN,
      NaN,
      NaN,
      NaN
    ],
    "circuit_size": [
      0.7,
      0.2,
      0.2,
      0.4,
      0.6,
      0.5,
      0.4,
      0.3,
      0.2,
      0.3
    ],
    "sparsity": [
      0.99453125,
      0.9984375,
      0.9984375,
      0.996875,
      0.9953125,
      0.99609375,
      0.996875,
      0.99765625,
      0.9984375,
      0.99765625
    ],
    "accuracy": [
      97.65,
      97.94,
      97.93,
      97.67,
      98.09,
      97.66,
      98.0,
      97.79,
      98.01,
      97.79
    ],
    "sigma_mean": 0.7898526110918924,
    "sigma_ci": 0.01125970655671904,
    "mono_fraction_mean": 0.184375,
    "mono_fraction_ci": 0.04446072498246867,
    "avg_max_corr_mean": NaN,
    "avg_max_corr_ci": NaN,
    "circuit_size_mean": 0.38,
    "circuit_size_ci": 0.2505451822689415,
    "sparsity_mean": 0.99703125,
    "sparsity_ci": 0.0019573842364761784,
    "accuracy_mean": 97.853,
    "accuracy_ci": 0.23158617205268683
  },
  "512": {
    "sigma": [
      0.8162131905555725,
      0.8192188739776611,
      0.8129528164863586,
      0.8158033490180969,
      0.8173708319664001,
      0.822108805179596,
      0.817531406879425,
      0.8258661031723022,
      0.8161618709564209,
      0.8191503882408142
    ],
    "mono_fraction": [
      0.21153846153846154,
      0.19230769230769232,
      0.15384615384615385,
      0.09615384615384616,
      0.07692307692307693,
      0.23076923076923078,
      0.057692307692307696,
      0.17307692307692307,
      0.1346153846153846,
      0.21153846153846154
    ],
    "avg_max_corr": [],
    "circuit_size": [
      0.0,
      0.0,
      0.0,
      0.0,
      0.0,
      0.0,
      0.0,
      0.0,
      0.0,
      0.0
    ],
    "sparsity": [
      1.0,
      1.0,
      1.0,
      1.0,
      1.0,
      1.0,
      1.0,
      1.0,
      1.0,
      1.0
    ],
    "accuracy": [
      98.31,
      98.18,
      98.28,
      98.37,
      98.25,
      98.31,
      97.88,
      98.25,
      97.94,
      97.94
    ],
    "sigma_mean": 0.8182377636432647,
    "sigma_ci": 0.0051912060854217845,
    "mono_fraction_mean": 0.15384615384615385,
    "mono_fraction_ci": 0.08700604472300788,
    "circuit_size_mean": 0.0,
    "circuit_size_ci": 0.0,
    "sparsity_mean": 1.0,
    "sparsity_ci": 0.0,
    "accuracy_mean": 98.171,
    "accuracy_ci": 0.2586256789293202
  },