{
  "0": {
    "cka": {
      "input_fc1_pre": 0.730087399482727,
      "fc1_pre_fc1_post": 0.8821853995323181,
      "fc1_post_output": 0.7863427996635437
    },
    "activation_stats": {
      "input": {
        "mean": -0.027918945997953415,
        "std": 0.9670140743255615,
        "sparsity": 0.0,
        "max": 2.821486711502075,
        "min": -0.4242129623889923
      },
      "fc1_pre": {
        "mean": 2.718599319458008,
        "std": 8.417220115661621,
        "sparsity": 0.0,
        "max": 45.3994026184082,
        "min": -53.637325286865234
      },
      "fc1_post": {
        "mean": 4.772940635681152,
        "std": 5.812440872192383,
        "sparsity": 0.3718374967575073,
        "max": 45.3994026184082,
        "min": 0.0
      },
      "output": {
        "mean": -3.7126219272613525,
        "std": 7.178740501403809,
        "sparsity": 0.0,
        "max": 31.503211975097656,
        "min": -37.45380783081055
      }
    },
    "pca_explained_variance": [
      0.24625474214553833,
      0.23502448201179504,
      0.16091318428516388,
      0.0924484133720398,
      0.06600666791200638,
      0.036240365356206894,
      0.0339440293610096,
      0.027065856382250786,
      0.022065933793783188,
      0.018686961382627487,
      0.016933195292949677,
      0.013838664628565311,
      0.012041696347296238,
      0.010318859480321407,
      0.008216992020606995,
      6.665361405357887e-18
    ],
    "pca_cumulative_variance": [
      0.24625474214553833,
      0.4812792241573334,
      0.6421924233436584,
      0.7346408367156982,
      0.800647497177124,
      0.8368878364562988,
      0.8708318471908569,
      0.8978977203369141,
      0.9199636578559875,
      0.9386506080627441,
      0.9555838108062744,
      0.969422459602356,
      0.981464147567749,
      0.9917830228805542,
      1.0,
      1.0
    ]
  },
  "1": {
    "cka": {
      "input_fc1_pre": 0.711034893989563,
      "fc1_pre_fc1_post": 0.9094175100326538,
      "fc1_post_output": 0.6178053617477417
    },
    "activation_stats": {
      "input": {
        "mean": -0.027918945997953415,
        "std": 0.9670140743255615,
        "sparsity": 0.0,
        "max": 2.821486711502075,
        "min": -0.4242129623889923
      },
      "fc1_pre": {
        "mean": 3.168470859527588,
        "std": 8.077542304992676,
        "sparsity": 0.0,
        "max": 47.64106750488281,
        "min": -35.80199432373047
      },
      "fc1_post": {
        "mean": 4.923679828643799,
        "std": 5.908663272857666,
        "sparsity": 0.3460625112056732,
        "max": 47.64106750488281,
        "min": 0.0
      },
      "output": {
        "mean": 0.6329293251037598,
        "std": 7.5248703956604,
        "sparsity": 0.0,
        "max": 29.978872299194336,
        "min": -37.45954513549805
      }
    },
    "pca_explained_variance": [
      0.3077879548072815,
      0.15572823584079742,
      0.13260199129581451,
      0.10369008779525757,
      0.06242656707763672,
      0.051126375794410706,
      0.03396754339337349,
      0.02624410018324852,
      0.02415328659117222,
      0.021165166050195694,
      0.019298309460282326,
      0.017401862889528275,
      0.016403594985604286,
      0.011064345948398113,
      0.009600086137652397,
      0.007340467534959316
    ],
    "pca_cumulative_variance": [
      0.3077879548072815,
      0.4635161757469177,
      0.596118152141571,
      0.6998082399368286,
      0.7622348070144653,
      0.8133611679077148,
      0.8473287224769592,
      0.873572826385498,
      0.8977261185646057,
      0.9188913106918335,
      0.9381896257400513,
      0.9555914998054504,
      0.9719951152801514,
      0.9830594658851624,
      0.9926595687866211,
      1.0
    ]
  },
  "2": {
    "cka": {
      "input_fc1_pre": 0.700574517250061,
      "fc1_pre_fc1_post": 0.8241103887557983,
      "fc1_post_output": 0.7493313550949097
    },
    "activation_stats": {
      "input": {
        "mean": -0.027918945997953415,
        "std": 0.9670140743255615,
        "sparsity": 0.0,
        "max": 2.821486711502075,
        "min": -0.4242129623889923
      },
      "fc1_pre": {
        "mean": 2.745925188064575,
        "std": 8.576767921447754,
        "sparsity": 0.0,
        "max": 37.721702575683594,
        "min": -51.6869010925293
      },
      "fc1_post": {
        "mean": 4.885705471038818,
        "std": 5.72296667098999,
        "sparsity": 0.35871249437332153,
        "max": 37.721702575683594,
        "min": 0.0
      },
      "output": {
        "mean": -7.633594989776611,
        "std": 6.716632843017578,
        "sparsity": 0.0,
        "max": 19.340410232543945,
        "min": -40.55260467529297
      }
    },
    "pca_explained_variance": [
      0.2792597711086273,
      0.17172026634216309,
      0.13257884979248047,
      0.10305032879114151,
      0.06635124236345291,
      0.04857724905014038,
      0.034494996070861816,
      0.029121791943907738,
      0.027158640325069427,
      0.02389521151781082,
      0.01707727275788784,
      0.01699559949338436,
      0.015554673969745636,
      0.014073951169848442,
      0.011204970069229603,
      0.008885144256055355
    ],
    "pca_cumulative_variance": [
      0.2792597711086273,
      0.4509800374507904,
      0.5835589170455933,
      0.6866092681884766,
      0.7529605031013489,
      0.8015377521514893,
      0.8360327482223511,
      0.8651545643806458,
      0.8923131823539734,
      0.9162083864212036,
      0.933285653591156,
      0.9502812623977661,
      0.9658359289169312,
      0.9799098968505859,
      0.9911148548126221,
      1.0
    ]
  },
  "3": {
    "cka": {
      "input_fc1_pre": 0.7037769556045532,
      "fc1_pre_fc1_post": 0.8184986114501953,
      "fc1_post_output": 0.7693458795547485
    },
    "activation_stats": {
      "input": {
        "mean": -0.027918945997953415,
        "std": 0.9670140743255615,
        "sparsity": 0.0,
        "max": 2.821486711502075,
        "min": -0.4242129623889923
      },
      "fc1_pre": {
        "mean": 1.8964035511016846,
        "std": 8.14587688446045,
        "sparsity": 0.0,
        "max": 38.617279052734375,
        "min": -45.672569274902344
      },
      "fc1_post": {
        "mean": 4.200069904327393,
        "std": 5.302489757537842,
        "sparsity": 0.40671250224113464,
        "max": 38.617279052734375,
        "min": 0.0
      },
      "output": {
        "mean": -4.024043560028076,
        "std": 6.999629020690918,
        "sparsity": 0.0,
        "max": 25.490371704101562,
        "min": -40.48170852661133
      }
    },
    "pca_explained_variance": [
      0.22820095717906952,
      0.15298573672771454,
      0.14646239578723907,
      0.10651656240224838,
      0.07115644216537476,
      0.06503012776374817,
      0.05235350877046585,
      0.03621244430541992,
      0.03461134806275368,
      0.022483190521597862,
      0.021535003557801247,
      0.01835872232913971,
      0.016315246000885963,
      0.015600907616317272,
      0.012177465483546257,
      0.0
    ],
    "pca_cumulative_variance": [
      0.22820095717906952,
      0.38118669390678406,
      0.5276491045951843,
      0.6341656446456909,
      0.7053220868110657,
      0.7703522443771362,
      0.8227057456970215,
      0.8589181900024414,
      0.8935295343399048,
      0.916012704372406,
      0.9375476837158203,
      0.9559063911437988,
      0.9722216129302979,
      0.9878225326538086,
      1.0,
      1.0
    ]
  },
  "4": {
    "cka": {
      "input_fc1_pre": 0.6682298183441162,
      "fc1_pre_fc1_post": 0.8752104043960571,
      "fc1_post_output": 0.7090092897415161
    },
    "activation_stats": {
      "input": {
        "mean": -0.027918945997953415,
        "std": 0.9670140743255615,
        "sparsity": 0.0,
        "max": 2.821486711502075,
        "min": -0.4242129623889923
      },
      "fc1_pre": {
        "mean": 4.055228233337402,
        "std": 8.202011108398438,
        "sparsity": 0.0,