{
  "clean": {
    "0": {
      "fc3_recovery": [
        -0.55,
        -0.49100000000000005,
        -0.6439999999999999
      ],
      "fc3_magnitude": [
        0.3941405713558197,
        0.2812414765357971,
        0.2992037534713745
      ]
    },
    "1": {
      "fc3_recovery": [
        -0.473,
        -0.494,
        -0.498
      ],
      "fc3_magnitude": [
        0.49789780378341675,
        0.3840025067329407,
        0.432691752910614
      ]
    },
    "2": {
      "fc3_recovery": [
        -0.319,
        -0.307,
        -0.252
      ],
      "fc3_magnitude": [
        0.43678370118141174,
        0.37081265449523926,
        0.34675276279449463
      ]
    },
    "3": {
      "fc3_recovery": [
        -0.263,
        -0.372,
        -0.28700000000000003
      ],
      "fc3_magnitude": [
        0.35883042216300964,
        0.32795554399490356,
        0.33598601818084717
      ]
    },
    "4": {
      "fc3_recovery": [
        -0.242,
        -0.232,
        -0.22699999999999998
      ],
      "fc3_magnitude": [
        0.3769426941871643,
        0.327082097530365,
        0.3137858510017395
      ]
    },
    "5": {
      "fc3_recovery": [
        -0.38,
        -0.34299999999999997,
        -0.398
      ],
      "fc3_magnitude": [
        0.39912015199661255,
        0.35771337151527405,
        0.37056082487106323
      ]
    },
    "6": {
      "fc3_recovery": [
        -0.295,
        -0.27999999999999997,
        -0.295
      ],
      "fc3_magnitude": [
        0.3547344505786896,
        0.32021015882492065,
        0.3072042167186737
      ]
    },
    "7": {
      "fc3_recovery": [
        -0.472,
        -0.42299999999999993,
        -0.38899999999999996
      ],
      "fc3_magnitude": [
        0.422678142786026,
        0.3766520917415619,
        0.42525291442871094
      ]
    },
    "8": {
      "fc3_recovery": [
        -0.552,
        -0.482,
        -0.556
      ],
      "fc3_magnitude": [
        0.4373134672641754,
        0.31637343764305115,
        0.3441673517227173
      ]
    },
    "9": {
      "fc3_recovery": [
        -0.405,
        -0.483,
        -0.398
      ],
      "fc3_magnitude": [
        0.43439388275146484,
        0.341279536485672,
        0.36349523067474365
      ]
    }
  },
  "corrupted": {
    "0": {
      "fc3_recovery": [
        -0.309,
        -0.406,
        -0.39399999999999996
      ],
      "fc3_magnitude": [
        0.2289346158504486,
        0.13812100887298584,
        0.15954558551311493
      ]
    },
    "1": {
      "fc3_recovery": [
        -0.406,
        -0.44400000000000006,
        -0.33799999999999997
      ],
      "fc3_magnitude": [
        0.27962929010391235,
        0.27934321761131287,
        0.22569933533668518
      ]
    },
    "2": {
      "fc3_recovery": [
        -0.059,
        -0.11900000000000005,
        -0.11400000000000002
      ],
      "fc3_magnitude": [
        0.2172444611787796,
        0.16188137233257294,
        0.17950871586799622
      ]
    },
    "3": {
      "fc3_recovery": [
        -0.07200000000000001,
        -0.186,
        -0.23100000000000004
      ],
      "fc3_magnitude": [
        0.1690889447927475,
        0.1973634958267212,
        0.2210541069507599
      ]
    },
    "4": {
      "fc3_recovery": [
        -0.07,
        0.020999999999999963,
        -0.030999999999999972
      ],
      "fc3_magnitude": [
        0.20168334245681763,
        0.14483816921710968,
        0.1600906252861023
      ]
    },
    "5": {
      "fc3_recovery": [
        -0.32699999999999996,
        -0.281,
        -0.286
      ],
      "fc3_magnitude": [
        0.1996832638978958,
        0.22021596133708954,
        0.22244003415107727
      ]
    },
    "6": {
      "fc3_recovery": [
        -0.191,
        -0.19,
        -0.23500000000000004
      ],
      "fc3_magnitude": [
        0.17730897665023804,
        0.1611892133951187,
        0.17027688026428223
      ]
    },
    "7": {
      "fc3_recovery": [
        -0.368,
        -0.261,
        -0.297
      ],
      "fc3_magnitude": [
        0.2287377417087555,
        0.21241798996925354,
        0.20779211819171906
      ]
    },
    "8": {
      "fc3_recovery": [
        -0.268,
        -0.361,
        -0.259
      ],
      "fc3_magnitude": [
        0.2571410834789276,
        0.20226818323135376,
        0.13277940452098846
      ]
    },
    "9": {
      "fc3_recovery": [
        -0.316,
        -0.34,
        -0.317
      ],
      "fc3_magnitude": [
        0.2526647448539734,
        0.2587454617023468,
        0.20032839477062225
      ]
    }
  }
}