{
  "0": {
    "cka": {
      "input_fc1_pre": 0.6724265813827515,
      "fc1_pre_fc1_post": 0.6888521313667297,
      "fc1_post_output": 0.715873658657074
    },
    "activation_stats": {
      "input": {
        "mean": -0.027918945997953415,
        "std": 0.9670140743255615,
        "sparsity": 0.0,
        "max": 2.821486711502075,
        "min": -0.4242129623889923
      },
      "fc1_pre": {
        "mean": -1.5452934503555298,
        "std": 5.500163555145264,
        "sparsity": 0.0,
        "max": 21.880084991455078,
        "min": -42.98606491088867
      },
      "fc1_post": {
        "mean": 1.4495913982391357,
        "std": 2.374293327331543,
        "sparsity": 0.6100624799728394,
        "max": 21.880084991455078,
        "min": 0.0
      },
      "output": {
        "mean": 0.07433894276618958,
        "std": 1.4630763530731201,
        "sparsity": 0.0,
        "max": 9.252032279968262,
        "min": -4.860278606414795
      }
    },
    "pca_explained_variance": [
      0.2738497257232666,
      0.18568521738052368,
      0.1270029991865158,
      0.10171838849782944,
      0.058087244629859924,
      0.05201060324907303,
      0.04212787747383118,
      0.03764484450221062,
      0.032012492418289185,
      0.02886233851313591,
      0.024533085525035858,
      0.020699067041277885,
      0.01576601155102253,
      2.867289575389307e-17,
      9.237724779143148e-18,
      1.09817529154199e-33
    ],
    "pca_cumulative_variance": [
      0.2738497257232666,
      0.4595349431037903,
      0.5865379571914673,
      0.6882563233375549,
      0.7463435530662537,
      0.7983541488647461,
      0.8404819965362549,
      0.878126859664917,
      0.9101393222808838,
      0.9390016794204712,
      0.9635347723960876,
      0.9842338562011719,
      0.9999998807907104,
      0.9999998807907104,
      0.9999998807907104,
      0.9999998807907104
    ]
  },
  "1": {
    "cka": {
      "input_fc1_pre": 0.7076416015625,
      "fc1_pre_fc1_post": 0.688683032989502,
      "fc1_post_output": 0.6864909529685974
    },
    "activation_stats": {
      "input": {
        "mean": -0.027918945997953415,
        "std": 0.9670140743255615,
        "sparsity": 0.0,
        "max": 2.821486711502075,
        "min": -0.4242129623889923
      },
      "fc1_pre": {
        "mean": -1.1467779874801636,
        "std": 5.46588659286499,
        "sparsity": 0.0,
        "max": 16.611602783203125,
        "min": -37.62397003173828
      },
      "fc1_post": {
        "mean": 1.4987928867340088,
        "std": 2.350842237472534,
        "sparsity": 0.5530750155448914,
        "max": 16.611602783203125,
        "min": 0.0
      },
      "output": {
        "mean": 0.8538900017738342,
        "std": 1.7203178405761719,
        "sparsity": 0.0,
        "max": 8.675395965576172,
        "min": -6.029993534088135
      }
    },
    "pca_explained_variance": [
      0.2402009814977646,
      0.186333566904068,
      0.14599138498306274,
      0.08532068133354187,
      0.06529784202575684,
      0.05201435089111328,
      0.04485930874943733,
      0.03590159863233566,
      0.028153404593467712,
      0.026492660865187645,
      0.02219480276107788,
      0.017703304067254066,
      0.01615031622350216,
      0.013187595643103123,
      0.012548135593533516,
      0.007650056853890419
    ],
    "pca_cumulative_variance": [
      0.2402009814977646,
      0.4265345335006714,
      0.5725259184837341,
      0.6578465700149536,
      0.7231444120407104,
      0.7751587629318237,
      0.8200180530548096,
      0.8559196591377258,
      0.8840730786323547,
      0.9105657339096069,
      0.9327605366706848,
      0.9504638314247131,
      0.9666141271591187,
      0.9798017144203186,
      0.9923498630523682,
      0.9999999403953552
    ]
  },
  "2": {
    "cka": {
      "input_fc1_pre": 0.6949927806854248,
      "fc1_pre_fc1_post": 0.7180771231651306,
      "fc1_post_output": 0.7339079976081848
    },
    "activation_stats": {
      "input": {
        "mean": -0.027918945997953415,
        "std": 0.9670140743255615,
        "sparsity": 0.0,
        "max": 2.821486711502075,
        "min": -0.4242129623889923
      },
      "fc1_pre": {
        "mean": -1.7427027225494385,
        "std": 5.331000804901123,
        "sparsity": 0.0,
        "max": 14.064775466918945,
        "min": -35.643619537353516
      },
      "fc1_post": {
        "mean": 1.2819371223449707,
        "std": 2.1855709552764893,
        "sparsity": 0.6076499819755554,
        "max": 14.064775466918945,
        "min": 0.0
      },
      "output": {
        "mean": -0.7027411460876465,
        "std": 1.4430458545684814,
        "sparsity": 0.0,
        "max": 6.1011762619018555,
        "min": -7.099510192871094
      }
    },
    "pca_explained_variance": [
      0.2708624005317688,
      0.14396460354328156,
      0.12987741827964783,
      0.09687056392431259,
      0.07040292769670486,
      0.06170561537146568,
      0.0501190647482872,
      0.03487452119588852,
      0.029417438432574272,
      0.02367834560573101,
      0.022307759150862694,
      0.018780872225761414,
      0.017354724928736687,
      0.012155597098171711,
      0.010411407798528671,
      0.007216712459921837
    ],
    "pca_cumulative_variance": [
      0.2708624005317688,
      0.41482698917388916,
      0.5447044372558594,
      0.6415749788284302,
      0.7119778990745544,
      0.773683488368988,
      0.8238025307655334,
      0.8586770296096802,
      0.8880944848060608,
      0.9117728471755981,
      0.9340806007385254,
      0.952861487865448,
      0.9702162146568298,
      0.9823718070983887,
      0.9927831888198853,
      0.9999998807907104
    ]
  },
  "3": {
    "cka": {
      "input_fc1_pre": 0.7211359739303589,
      "fc1_pre_fc1_post": 0.6347264051437378,
      "fc1_post_output": 0.6667078137397766
    },
    "activation_stats": {
      "input": {
        "mean": -0.027918945997953415,
        "std": 0.9670140743255615,
        "sparsity": 0.0,
        "max": 2.821486711502075,
        "min": -0.4242129623889923
      },
      "fc1_pre": {
        "mean": -2.486398935317993,
        "std": 5.937403678894043,
        "sparsity": 0.0,
        "max": 16.697669982910156,
        "min": -41.507408142089844
      },
      "fc1_post": {
        "mean": 1.1848324537277222,
        "std": 2.152625560760498,
        "sparsity": 0.6574125289916992,
        "max": 16.697669982910156,
        "min": 0.0
      },
      "output": {
        "mean": -0.21831727027893066,
        "std": 1.4348442554473877,
        "sparsity": 0.0,
        "max": 6.809305191040039,
        "min": -6.849810600280762
      }
    },
    "pca_explained_variance": [
      0.23577424883842468,
      0.17951089143753052,
      0.11941128224134445,
      0.09514474123716354,
      0.07566246390342712,
      0.05844266712665558,
      0.04692450165748596,
      0.040512870997190475,
      0.03239406645298004,
      0.029933776706457138,
      0.026823274791240692,
      0.023101963102817535,
      0.015915237367153168,
      0.014523685909807682,
      0.005924271419644356,
      0.0
    ],
    "pca_cumulative_variance": [
      0.23577424883842468,
      0.4152851402759552,
      0.5346964001655579,
      0.629841148853302,
      0.7055035829544067,
      0.7639462351799011,
      0.8108707666397095,
      0.851383626461029,
      0.8837776780128479,
      0.913711428642273,
      0.9405347108840942,
      0.9636366963386536,
      0.9795519113540649,
      0.99407559633255,
      0.9999998807907104,
      0.9999998807907104
    ]
  },
  "4": {
    "cka": {
      "input_fc1_pre": 0.691716194152832,
      "fc1_pre_fc1_post": 0.6919262409210205,
      "fc1_post_output": 0.6966596841812134
    },
    "activation_stats": {
      "input": {
        "mean": -0.027918945997953415,
        "std": 0.9670140743255615,
        "sparsity": 0.0,
        "max": 2.821486711502075,
        "min": -0.4242129623889923
      },