{
  "0": {
    "singular_values": [
      1.4049733877182007,
      1.1936500072479248,
      1.0664254426956177,
      0.9715129137039185,
      0.8699021935462952,
      0.7169097065925598,
      0.6994036436080933,
      0.6464629769325256,
      0.5323182940483093,
      0.4054315686225891
    ],
    "ranks": [
      1,
      2,
      3,
      4,
      5,
      6,
      7,
      8,
      9,
      10
    ],
    "train_loss": [
      2.2398350792907196,
      1.9907930809805896,
      1.7719665069315733,
      1.595400051521594,
      1.324063370985263,
      1.0365098310686123,
      0.9386437142581574,
      0.7397575654200653,
      0.554628235190662,
      0.41439512994752004
    ],
    "train_acc": [
      16.703333333333333,
      24.648333333333333,
      35.33833333333333,
      45.76,
      60.425,
      79.52333333333333,
      84.91,
      90.59333333333333,
      93.24166666666666,
      93.79333333333334
    ],
    "test_loss": [
      2.2409254991555514,
      1.9949579857572723,
      1.7686347810527947,
      1.5940647668476347,
      1.3198711691023428,
      1.035299378859846,
      0.9381032623822176,
      0.7424747823159906,
      0.557862299529812,
      0.418772859663903
    ],
    "test_acc": [
      16.32,
      24.9,
      35.16,
      45.75,
      61.16,
      80.24,
      85.68,
      90.38,
      92.67,
      93.28
    ],
    "svd_spectrum": [
      1.4049733877182007,
      1.1936500072479248,
      1.0664254426956177,
      0.9715129137039185,
      0.8699021935462952,
      0.7169097065925598,
      0.6994036436080933,
      0.6464629769325256,
      0.5323182940483093,
      0.4054315686225891
    ]
  },
  "1": {
    "singular_values": [
      1.3503696918487549,
      1.242209792137146,
      1.0532952547073364,
      0.9239696264266968,
      0.7882211804389954,
      0.6681400537490845,
      0.5891360640525818,
      0.4981135129928589,
      0.43235936760902405,
      0.310915470123291
    ],
    "ranks": [
      1,
      2,
      3,
      4,
      5,
      6,
      7,
      8,
      9,
      10
    ],
    "train_loss": [
      2.200661453356875,
      1.925559706271076,
      1.6589694739913128,
      1.456227771254745,
      1.2338958061071856,
      1.0842931650594863,
      0.8981789788965986,
      0.6743919219035329,
      0.44039219649615824,
      0.40821393066123607
    ],
    "train_acc": [
      19.348333333333333,
      32.04666666666667,
      44.18666666666667,
      52.695,
      58.80833333333333,
      66.48,
      71.925,
      83.425,
      93.89833333333333,
      94.30166666666666
    ],
    "test_loss": [
      2.1927105143100403,
      1.9237788130965414,
      1.6552080459232572,
      1.4486701790290544,
      1.2281748328027846,
      1.0803229974794992,
      0.9042872099936763,
      0.6811369925360137,
      0.44603108360043053,
      0.41692049273207216
    ],
    "test_acc": [
      19.6,
      32.0,
      44.3,
      52.98,
      58.75,
      66.42,
      71.54,
      82.6,
      93.15,
      93.55
    ],
    "svd_spectrum": [
      1.3503696918487549,
      1.242209792137146,
      1.0532952547073364,
      0.9239696264266968,
      0.7882211804389954,
      0.6681400537490845,
      0.5891360640525818,
      0.4981135129928589,
      0.43235936760902405,
      0.310915470123291
    ]
  },
  "2": {
    "singular_values": [
      1.3486727476119995,
      1.0838139057159424,
      1.0080839395523071,
      0.8833064436912537,
      0.7849330902099609,
      0.7308070063591003,
      0.6593209505081177,
      0.6165159344673157,
      0.5267184972763062,
      0.4745437204837799
    ],
    "ranks": [
      1,
      2,
      3,
      4,
      5,
      6,
      7,
      8,
      9,
      10
    ],
    "train_loss": [
      2.1420287358989594,
      1.9260412866372798,
      1.6468929362449565,
      1.4687337402595895,
      1.3154555737082638,
      1.1240789692030786,
      0.9533997103095309,
      0.7401826324493392,
      0.5420620843037359,
      0.39489568506222544
    ],
    "train_acc": [
      20.025,
      35.291666666666664,
      48.325,
      55.58,
      62.25666666666667,
      68.95833333333333,
      76.87166666666667,
      83.55166666666666,
      91.87833333333333,
      94.38333333333334
    ],
    "test_loss": [
      2.1403760019736953,
      1.9259775816639768,
      1.6348152688786954,
      1.456435843359066,
      1.3040652757958522,
      1.1124546527862549,
      0.940208427513702,
      0.7367175998567026,
      0.540809627952455,
      0.39688930047463766
    ],
    "test_acc": [
      20.35,
      35.62,
      49.58,
      56.74,
      62.98,
      69.53,
      77.4,
      83.58,
      91.74,
      93.82
    ],
    "svd_spectrum": [
      1.3486727476119995,
      1.0838139057159424,
      1.0080839395523071,
      0.8833064436912537,
      0.7849330902099609,
      0.7308070063591003,
      0.6593209505081177,
      0.6165159344673157,
      0.5267184972763062,
      0.4745437204837799
    ]
  },
  "3": {
    "singular_values": [
      1.512617588043213,
      1.2505398988723755,
      1.1647166013717651,
      0.9061432480812073,
      0.8332610726356506,
      0.7329336404800415,
      0.6781401038169861,
      0.5542152523994446,
      0.48784196376800537,
      0.3530864119529724
    ],
    "ranks": [
      1,
      2,
      3,
      4,
      5,
      6,
      7,
      8,
      9,
      10
    ],
    "train_loss": [
      2.090436115193723,
      1.8507189072017223,
      1.6401323041936229,
      1.3964183251740836,
      1.2115171180605127,
      0.9804702435475169,
      0.8090610933710517,
      0.6359125957178917,
      0.5473897874609494,
      0.43803518959708304
    ],
    "train_acc": [
      15.913333333333334,
      29.251666666666665,
      39.1,
      59.83,
      65.915,
      77.90833333333333,
      89.14833333333333,
      91.86,
      92.65333333333334,
      93.79
    ],
    "test_loss": [
      2.093660921990117,
      1.8561024047151398,
      1.6401991165136989,
      1.394373499894444,
      1.2089828464049328,
      0.9796385327471963,
      0.8120600913144365,
      0.6400726543197149,
      0.5511931109277508,
      0.44231422207778015
    ],
    "test_acc": [
      15.75,
      28.3,
      38.45,
      59.3,
      65.26,
      77.61,
      88.02,
      91.1,
      92.06,
      93.19
    ],
    "svd_spectrum": [
      1.512617588043213,
      1.2505398988723755,
      1.1647166013717651,
      0.9061432480812073,
      0.8332610726356506,
      0.7329336404800415,
      0.6781401038169861,
      0.5542152523994446,
      0.48784196376800537,
      0.3530864119529724
    ]
  },
  "4": {
    "singular_values": [
      1.5867968797683716,
      1.182252287864685,
      0.9654489755630493,
      0.9588146805763245,
      0.8088913559913635,
      0.7699919939041138,
      0.6936198472976685,
      0.6721398830413818,
      0.4531364440917969,
      0.27269238233566284
    ],
    "ranks": [
      1,
      2,
      3,
      4,
      5,
      6,
      7,
      8,
      9,
      10
    ],
    "train_loss": [
      2.1006955495521202,
      1.9138986230659079,
      1.6635996573515284,
      1.4497878688739052,
      1.2247062936774704,
      1.0251398897374362,
      0.8159990854608987,
      0.6542021666508494,
      0.5005655762737494,
      0.4158731236386655
    ],
    "train_acc": [
      18.378333333333334,
      24.321666666666665,
      36.971666666666664,
      54.36666666666667,
      69.145,
      77.02833333333334,
      83.36,
      90.1,
      93.81333333333333,
      94.41
    ],
    "test_loss": [
      2.1058223896388766,
      1.9143047393122805,
      1.6627489811257472,
      1.4477668729009507,
      1.2216066906723795,
      1.0301813158807875,
      0.8180421854876265,
      0.6576191703729992,
      0.501907742098917,
      0.4178738946778865
    ],
    "test_acc": [
      18.54,
      24.47,
      37.83,
      53.96,
      68.63,
      76.3,
      82.95,
      89.74,
      93.8,
      94.37
    ],