{
  "7\u21921": {
    "recovery": [
      0.11575875486381323
    ],
    "side_effects": [
      0.17077694606043803
    ],
    "magnitude": [
      1.1016950607299805
    ],
    "pre_accs": [],
    "post_accs": []
  },
  "1\u21927": {
    "recovery": [
      0.1947136563876652
    ],
    "side_effects": [
      0.2400270580789112
    ],
    "magnitude": [
      1.0170180797576904
    ],
    "pre_accs": [],
    "post_accs": []
  },
  "5\u21926": {
    "recovery": [
      0.16031390134529147
    ],
    "side_effects": [
      0.24594097987696875
    ],
    "magnitude": [
      0.933502733707428
    ],
    "pre_accs": [],
    "post_accs": []
  },
  "0\u21928": {
    "recovery": [
      0.014285714285714285
    ],
    "side_effects": [
      0.21572421597342561
    ],
    "magnitude": [
      0.8814184665679932
    ],
    "pre_accs": [],
    "post_accs": []
  }
}