{
  "7\u21921": {
    "fc2_only": {
      "recovery": [
        0.0525,
        0.071,
        0.1897,
        0.2772,
        0.1158
      ],
      "mean": 0.14124,
      "ci_lo": 0.02627852188657291,
      "ci_hi": 0.2562014781134271,
      "n": 5
    },
    "fc1_only": {
      "recovery": [
        0.0,
        0.0,
        0.0,
        0.0,
        0.0
      ],
      "mean": 0.0,
      "ci_lo": 0.0,
      "ci_hi": 0.0,
      "n": 5
    },
    "both_layers": {
      "recovery": [
        0.034,
        0.0399,
        0.0136,
        0.0778,
        0.073
      ],
      "mean": 0.04766,
      "ci_lo": 0.013897742549510164,
      "ci_hi": 0.08142225745048984,
      "n": 5
    }
  },
  "1\u21927": {
    "fc2_only": {
      "recovery": [
        0.2564,
        0.0934,
        0.2546,
        0.2881,
        0.1947
      ],
      "mean": 0.21744000000000002,
      "ci_lo": 0.121673545942356,
      "ci_hi": 0.313206454057644,
      "n": 5
    },
    "fc1_only": {
      "recovery": [
        0.0,
        0.0,
        0.0,
        0.0,
        0.0
      ],
      "mean": 0.0,
      "ci_lo": 0.0,
      "ci_hi": 0.0,
      "n": 5
    },
    "both_layers": {
      "recovery": [
        0.2,
        0.0106,
        0.415,
        0.0678,
        0.2141
      ],
      "mean": 0.1815,
      "ci_lo": -0.012912388164710159,
      "ci_hi": 0.3759123881647102,
      "n": 5
    }
  },
  "5\u21926": {
    "fc2_only": {
      "recovery": [
        0.1603,
        0.102,
        0.0774,
        0.102,
        0.1603
      ],
      "mean": 0.1204,
      "ci_lo": 0.07348653924976939,
      "ci_hi": 0.1673134607502306,
      "n": 5
    },
    "fc1_only": {
      "recovery": [
        0.0,
        0.0,
        0.0,
        0.0,
        0.0
      ],
      "mean": 0.0,
      "ci_lo": 0.0,
      "ci_hi": 0.0,
      "n": 5
    },
    "both_layers": {
      "recovery": [
        0.1009,
        0.0852,
        0.0437,
        0.046,
        0.2747
      ],
      "mean": 0.1101,
      "ci_lo": -0.008209763365466763,
      "ci_hi": 0.22840976336546676,
      "n": 5
    }
  },
  "0\u21928": {
    "fc2_only": {
      "recovery": [
        0.0602,
        0.1061,
        0.1959,
        0.1092,
        0.0143
      ],
      "mean": 0.09713999999999999,
      "ci_lo": 0.01337070792551788,
      "ci_hi": 0.1809092920744821,
      "n": 5
    },
    "fc1_only": {
      "recovery": [
        0.0,
        0.0,
        0.0,
        0.0,
        0.0
      ],
      "mean": 0.0,
      "ci_lo": 0.0,
      "ci_hi": 0.0,
      "n": 5
    },
    "both_layers": {
      "recovery": [
        0.0082,
        0.0316,
        0.1724,
        0.0847,
        0.0
      ],
      "mean": 0.05938,
      "ci_lo": -0.029144042676438914,
      "ci_hi": 0.14790404267643892,
      "n": 5
    }
  }
}